Question,Answer
What is the reproductive event in humans?, system formation of gametes gametogenesis
What is the male reproductive system located in?, pelvis region
Where is the male reproductive?, pelvis region
What is the name of the sperms in males?, gametes gametogenesis
What is the name of the text that includes a pair of testes along with accessory ducts glands?,<s>
Where is the female reproductive system located?,<s>
What are the differences between the reproductive events in the male and female?, 2.7 parturition and lactation
What is the female reproductive system?, viviparous
What is the term for transfer of sperms into the female?, ovum
Where is the male reproductive system located?, pelvis region
What is the female reproductive viviparous?, 2.2
What is the female reproductive system located in?,<s>
What is the male reproductive system?, sexually reproducing and 2.2 the female reproductive viviparous. the reproductive events in humans include system formation of gametes gametogenesis i.e. sperms in males 2.3 gametogenesis and ovum in females transfer of sperms into the female 2.4 menstrual cycle genital tract insemination and fusion of male and female gametes fertilisation leading to formation of zygote. this 2.5 fertilisation and is followed by formation and development of blastocyst implantation and its attachment to the uterine wall implantation 2.6 pregnancy and embryonic embryonic development gestation and delivery of the development baby parturition. you have learnt that these reproductive events occur after puberty. there are remarkable 2.7 parturition and lactation differences between the reproductive events in the male and in the female for example sperm formation continues even in old men but formation of ovum ceases in women around the age of fifty years. let us examine the male and female reproductive systems in human. 2.1 t m r s he ale eproductive ystem the male reproductive system is located in the pelvis region figure 2.1a. it includes a pair of testes alongwith accessory ducts glands and the external genitalia
What is the name of the sperms in females?, ovum
What is the name of the genital tract insemination?, 2.4 menstrual cycle
What is the male reproductive viviparous?,<s>
What does ovum cease to do in women around fifty years?, formation
What are interstitial spaces called?,<s>
What is the male sex accessory duct?, rete testis vasa efferentia epididymis and vas deferens
What is the reproductive system of males?,<s>
What are the compartments inside the testis called?, testicular lobules
What do these ducts store and transport?, the sperms from the testis to the outside through urethra
What is the length of the testis in adults?, 4 to 5 cm
What are the male sex accessory duct?, rete testis vasa efferentia epididymis and vas deferens
What is the length of the testis?, 4 to 5 cm
What is the epididymis called?, vasa efferentia
What is the external opening called?, urethral meatus
What is the pouch called that helps in maintaining the low temperature of the testes?, scrotum
What does the urethra originate from?, the urinary bladder
What is the normal internal body temperature necessary for spermatogenesis in adults?,<s>
What do male germ cells undergo?, meiotic divisions
What helps in maintaining the low temperature of the testes?, the scrotum
What are the male sex accessory ducts?, rete testis vasa efferentia epididymis and vas deferens
What is the pouch that the testes are located outside the abdominal cavity within?, scrotum
What is the normal internal body temperature needed for spermatogenesis in adults?,<s>
What are the male sex accessory ducts called?, rete testis vasa efferentia epididymis and vas deferens
What is the external opening of the urethra?, urethral meatus
What is the epididymis located along the posterior surface 27 of each testis?,<s>What is the epididymis located along the posterior surface 27 of each testis?</s></s>human reproduction the testes are situated outside the abdominal cavity within a pouch called scrotum. the scrotum helps in maintaining the low temperature of the testes 22.5o c lower than the normal internal body temperature necessary for spermatogenesis. in adults each testis is oval in shape with a length of about 4 to 5 cm and a width of about 2 to 3 cm. the testis is covered by a dense covering. each testis has about 250 compartments called testicular lobules figure 2.1a diagrammatic sectional view of male pelvis figure 2.1b. showing reproductive system each lobule contains one to three highly coiled seminiferous tubules in which sperms are produced. each seminiferous tubule is lined on its inside by two types of cells called male germ cells spermatogonia and sertoli cells figure 2.2. the male germ cells undergo meiotic divisions finally leading to sperm formation while sertoli cells provide nutrition to the germ cells. the regions outside the seminiferous tubules called interstitial spaces contain small blood vessels and interstitial cells or leydig cells figure 2.2. leydig cells synthesise and secrete testicular hormones called figure 2.1b diagrammatic view of male reproductive system part of testis is open to show inner details androgens. other immunologically competent cells are also present. the male sex accessory ducts include rete testis vasa efferentia epididymis and vas deferens figure 2.1b. the seminiferous tubules of the testis open into the vasa efferentia through rete testis. the vasa efferentia
What is the urethra called?, urethral meatus
What is the enlarged end of penis called?, the glans penis
How long is each ovary?, 2 to 4 cm in length
What is the fold of skin that covers the enlarged end of penis called?, foreskin
What is the seminal plasma rich in?, fructose calcium and certain enzymes
What is the length of?,<s>
What glands are secreted by the female reproductive system?,<s>
What is the male external genitalia?, 2.1a b
What is the male accessory glands?, paired seminal vesicles a prostate and paired bulbourethral glands
What is the female reproductive system composed of?, a pair of ovaries alongwith a pair of oviducts uterus cervix vagina and the external genitalia
What is the female reproductive system composed of?, a pair of ovaries a pair of oviducts a uterus a vagina external genitalia and a pair of mammary glands
What is the primary female sex organs that produce the female?, ovaries
What is the male external genitalia called?,<s>
What is the male external genitalia called?, penis
What are the primary female sex organs?, ovaries
What is the length of each ovary?, 2 to 4 cm
What is the secretions of?,<s>
What are the male accessory glands?, paired seminal vesicles a prostate and paired bulbourethral glands
What is the length of each?,<s>
What are the primary female sex organs that produce the female?, ovaries
What glands are included in the male accessory glands?, paired seminal vesicles a prostate and paired bulbourethral glands
What is the male accessory glands called?,<s>
What is the inner medulla?,<s>
What is the fold of skin on the enlarged end of penis called?, foreskin
What is the name of the projections on the edges of the infundibulum called?, fimbriae
What is the part closer to the ovary called?, funnelshaped infundibulum
What is the length of each fallopian tube?, 1012 cm
What is the female accessory ducts?, fallopian tubes uterus and vagina
What is the name of the part closer to the ovary called?, funnelshaped infundibulum
What is the infundibulum called?, funnelshaped
What is the infundibulum that leads to a wider view of the female reproductive system?, funnelshaped infundibulum
What is the birth canal called?, cervical canal
What is the hymen often torn during?, first coitus intercourse
What is the last part of the oviduct isthmus called?, ampulla
What is often torn during the first coitus intercourse?, the hymen
What is the inner glandular layer called?, endometrium
What is the shape of the uterus like?, an inverted pear
What is the hymen called?,<s>
What is the outer layer of the uterus called?,<s>
What is the opening of the vagina often covered partially?, hymen
What is the most reliable indicator of virginity or sexual experience?,<s>
What is the clitoris called?,<s>
What is the membrane that covers the opening of the vagina called?, hymen
What is not a reliable indicator of virginity or sexual experience?, presence or absence of hymen
What is not a reliable indicator of virginity or sexual experience?,<s>
What is the female external genitalia called?, mons pubis labia majora labia minora hymen
What is the question for the following text?,<s>
What is the inner glandular?, endometrium
What is the name of the membrane that covers the opening of the vagina?, hymen
What is the cavity of the cervix called?, cervical canal figure 2.3b
What is the uterus also called?, womb
What is the process called that produces sperm?,
What is the name of the process that produces sperms?, spermiogenesis
What is the process called that produces sperms?, spermiogenesis
What do the cells of alveoli secrete?, milk
What is the process of spermatogenesis that is stimulated by androgens?,<s>
What is the number of chromosomes in spermatids?,<s>
What is the process called that transforms spermatids?, spermiogenesis
What is the process called that produces spermatozoa?, spermiogenesis
What is the process called that transforms spermatids into spermatozoa sperms?, spermiogenesis
What is the process called that?,<s>
What is the process called that produces sperms in testis?, spermatogenesis
What hormone is released at the anterior pituitary gland?,<s>
What is the process of spermatogenesis?,<s>
What hormone is produced by the anterior pituitary gland?,<s>
What are the mammary glands?, paired structures breasts that contain glandular tissue and variable amount of fat
What is the process called that produces spermatozoa sperms?, spermiogenesis
What are mammary glands?, paired structures breasts that contain glandular tissue and variable amount of fat
What do the tubules of?, each lobe join to form a mammary duct
What do the tubules of each lobe join to form?, a mammary duct
What hormone acts at the anterior pituitary gland?, gnrh
What do the cells of alveoli open into?, mammary tubules
What is characteristic of all female mammals?, a functional mammary gland
What is connected to lactiferous duct through which milk is sucked out?, mammary ampulla
What is the glandular tissue of each breast divided into?, 1520 mammary lobes
What is the structure of a sperm composed of?, a head neck a middle piece and a tail figure 2.6
What is the first meiotic division of the primary oocyte?, prophasei
What is the process of formation of a mature female gamete called?, oogenesis
What are the primary follicles called?, secondary follicles
What is the first stage of oogenesis?, embryonic development stage
What is the result of the unequal division?,<s>
What is the formation of a large?,<s>
What are the seminal plasma along with the sperms essential for?, semen
What are the testicular hormones androgens used for?, the functions of male sex accessory ducts and glands
What is the first polar body?,<s>
How many sperms does the human male ejaculate during a coitus?, 200 to 300 million
How many sperms does a human male ejaculate during a coitus?, 200 to 300 million
What is the body of sperm?, a microscopic structure composed of a head neck a middle piece and a tail figure 2.6
When is oogenesis initiated?, during the embryonic development stage
What is the primary oocyte called?, primary follicle figure 2.7
How many sperms must have normal shape and size for normal fertility?, at least 60 per cent
What percentage of sperms must show?,<s>
What is the body of sperm covered by?, a plasma membrane
What is the structure of a sperm?, it is a microscopic structure composed of a head neck a middle piece and a tail figure 2.6
What are the functions of male sex accessory ducts and glands maintained by?, testicular hormones androgens
What is the primary oocyte within the tertiary follicle?,<s>What is the primary oocyte within the tertiary follicle?</s></s>biology secretion of some factors which help in the process of spermiogenesis. let us examine the structure of a sperm. it is a microscopic structure composed of a head neck a middle piece and a tail figure 2.6. a plasma membrane envelops the whole body of sperm. the sperm head contains an elongated haploid nucleus the anterior portion of which is covered by a caplike structure acrosome. the acrosome is filled with enzymes that help fertilisation of the ovum. the middle piece possesses numerous mitochondria which produce energy for the movement of tail that facilitate sperm motility essential for fertilisation. the human male ejaculates about 200 to 300 million sperms during a coitus of which for normal fertility at least 60 per cent sperms must have normal shape and size and at least 40 per cent of them must show vigorous motility. sperms released from the seminiferous figure 2.6 structure of a sperm tubules are transported by the accessory ducts. secretions of epididymis vas deferens seminal vesicle and prostate are essential for maturation and motility of sperms. the seminal plasma along with the sperms constitute the semen. the functions of male sex accessory ducts and glands are maintained by the testicular hormones androgens. the process of formation of a mature female gamete is called oogenesis which is markedly different from spermatogenesis. oogenesis is initiated during the embryonic development stage when a couple of million gamete mother cells oogonia are formed within each fetal ovary no more oogonia are formed and added after birth. these cells start division and enter into prophasei of the meiotic division and get temporarily arrested at that stage called primary oocytes. each primary oocyte then gets surrounded by a layer of granulosa cells and is called the primary follicle figure 2.7
What are the functions of male sex accessory?, ducts and glands
What are the primary follicles called at puberty?, secondary follicles
What is the primary follicle called?,
What is the second meiotic division?,<s>
What is the second meiotic division?, unequal
What is the process of formation of a mature female gamete markedly different from?, spermatogenesis
What are the secretions of epididymis vas deferens essential for?, maturation and motility of sperms
What is the tertiary follicle arranged into?,<s>
What are the primary oocytes called?, primary follicle figure 2.7
What is the secondary follicle called?, tertiary follicle
What is the diagrammatic representation of?, spermatogenesis and oogenesis
What is the reproductive cycle in humans?, menstrual cycle
What is the first menstruation called in human females?, menarche
When does the first menstruation begin in human females?, puberty
What is the process called that releases the secondary oocyte ovum from the ovary?, ovulation
What is the name of the membrane that surrounds the secondary oocyte called?, zona pellucida
What is the name of the membrane that the secondary oocyte forms around it?, zona pellucida
What is the reproductive cycle in humans called?, menstrual cycle
What is the reproductive cycle in the female primates?, menstrual cycle
What is the reproductive cycle in human females called?, menstrual cycle. the first menstruation begins at puberty and is called menarche. in human females menstruation is repeated at an average interval of about 2829 days and the cycle of events starting from one menstruation till the next one is called the menstrual cycle
What is the membrane that surrounds the secondary oocyte called?, zona pellucida
When is ovum released ovulation?, during the middle rationalised 202324
What is the process called that releases the secondary o?, ovulation
What is the reproductive cycle in female primates called?, menstrual cycle
What is the cycle of events starting from one menstruation till the next one called?, menstrual cycle
How many days is the average interval of menstruation?, 2829
What is the reproductive cycle in primates?, menstrual cycle
What is the term for the membrane that surrounds the secondary oocyte called?, zona pellucida
What is the reproductive cycle in the female primates e g monkeys apes and humans called?, menstrual cycle
What is the first menstruation called in monkeys apes and human beings?, menarche
What is the reproductive cycle in the female primates called?, menstrual cycle
What is the average interval of menstruation in human females?, 2829 days
What is the first menstruation called in humans?, menarche
What is the menstrual flow?, breakdown of endometrial lining of the uterus and its blood vessels which forms liquid that comes out through vagina
What hormones are induced by changes in the ova?,
What do the primary follicles in the ovary grow to become?, a fully mature graafian follicle
What is the result of the breakdown of the endometrial lining of the uterus and its blood vessels?, liquid that comes out through vagina
What does the endometrium of uterus regenerate through?, proliferation
What is the cause of the breakdown of the endometrial lining of the uterus and its blood vessels?,<s>What is the cause of the breakdown of the endometrial lining of the uterus and its blood vessels?</s></s>biology figure 2.9 diagrammatic presentation of various events during a menstrual cycle of each menstrual cycle. the major events of the menstrual cycle are shown in figure 2.9. the cycle starts with the menstrual phase when menstrual flow occurs and it lasts for 35 days. the menstrual flow results due to breakdown of endometrial lining of the uterus and its blood vessels which forms liquid that comes out through vagina
What is the endometrium of uterus regenerating through?, proliferation
What is the menstrual phase?, menstrual flow occurs and it lasts for 35 days. the menstrual flow results due to breakdown of endometrial lining of the uterus and its blood vessels which forms liquid that comes out through vagina. menstruation only occurs if the released ovum is not fertilised. lack of menstruation may be indicative of pregnancy. however it may also be 34 caused due to some other underlying causes like stress poor health etc. the menstrual phase is followed by the follicular phase
What phase is followed by the follicular phase?, menstrual phase
What is the breakdown of the endometrial lining of the uterus and its blood vessels that forms liquid that comes out through vagina?,
What is the follicular phase?, the primary follicles in the ovary grow to become a fully mature graafian follicle
What hormones are induced by changes in the ovary and?, pituitary and ovarian hormones
What is the menstrual flow caused by?, breakdown of endometrial lining of the uterus and its blood vessels
What is the first phase of the menstrual cycle?, menstrual flow
What is the main event of the menstrual cycle?, menstrual flow
What is the first phase of the cycle?, menstrual phase
What is the menstrual phase followed by?, the follicular phase
What phase is followed by the menstrual phase?, follicular phase
What is the menstrual?, if the released ovum is not fertilised
What is the duration of the menstrual cycle?, 35 days
What hormones are involved in the ovulation and uterus?, pituitary and ovarian hormones
What is the duration of the cycle?, 35 days
What is the release of ovum ovulation?, take of graafian follicle
What is the secreted change sanitary progesterone essential for maintenance of?, endometrium
What is the luteal phase?, bath and clean yourself ovulation ovulatory phase
What causes disintegration properly wrapping it with a used paper do of the endometrium leading to menstruation?, corpus luteum degenerates
What is the ovum surrounded by few?,<s>
What is the corpus homemade pads called?,<s>What is the corpus homemade pads called?</s></s>human reproduction gonadotropins lh and fsh increases gradually during the follicular menstrual hygiene phase and stimulates follicular development as well as secretion of estrogens by the growing follicles. both lh and fsh attain a peak level maintenance of in the middle of cycle about 14th day. rapid secretion of lh leading to hygiene and sanitation during menstruation is its maximum level during the midcycle called lh surge induces rupture very important. take of graafian follicle and thereby the release of ovum ovulation. the bath and clean yourself ovulation ovulatory phase is followed by the luteal phase during which regulary. use sanitary napkins
What is the process of fusion of a sperm with an ovum called?,<s>
What is the term for the menstrual cycle that ends around 50 years of age?, menopause
What is an indicator of normal drainpipe of toilets or reproductive phase?, cyclic menstruation
What hormones are secreted by the growing follicles during the luteal phase?, estrogens
What causes disintegration properly wrapping it with a used paper do of the endometrium leading to menstruation marking a new cycle in not?, corpus luteum degenerates
What is essential for maintenance of the endometrium napkins or homemade?, sanitary progesterone
What secretions help the sperm enter into the cytoplasm of the ovum?,<s>
What is the luteal phase followed by?, the bath and clean yourself ovulation ovulatory phase
What is the term used for the menstrual cycles that ceases around 50 years of age?, menopause
What hormone is secreted by the corpus luteum during the luteal phase?, progesterone
What is the corpus luteum secreted large amounts of?, change sanitary progesterone
What is released by the penis into the vagina?, semen
What is released by the pen?, semen
What does the sperm induce that blocks the entry of additional sperms?,<s>
What is the term for the cycle that ends around 50 years of age?, menopause
What percentage of sperms carry the y chromosome?, 50 per cent
What would a zygote carrying xx develop into?, female baby
What percentage of sperms carry the x chromosome?, 50 per cent
What would the zygote carry after fusion of the male and female gametes?, either xx or xy
What is the number of embryos in the embryo?, 8 to 16
What is the sex of the baby determined by?, the father
What is the chromosome pattern in the male?, xy
What is the sex of the baby determined?, father
What would the zygote carry xx develop into?, female baby
What is the second meiotic division?,<s>
What is the second meiotic division?, unequal
What is the chromosome pattern in the human female?, xx
What is the outer layer of the blast?, trophoblast
What is the process that leads to pregnancy?, implantation
What is the name of the text that differentiates the embryo after implantation?,<s>
What is the inner cell mass called?,<s>What is the inner cell mass called?</s></s>human reproduction blastomeres is called a morula figure 2.11e. the morula continues to divide and transforms into blastocyst figure 2.11g as it moves further into the uterus. the blastomeres in the blastocyst are arranged into an outer layer called trophoblast and an inner group of cells attached to trophoblast
What is the inner cell mass called?, stem cells
What is the placenta connected to?, the embryo
What hormone is secreted by the ovary during pregnancy?, relaxin
What is the placenta?, facilitate the supply of oxygen and nutrients to the embryo
What is the name of the hormone secreted by the ovary during pregnancy?, relaxin
What is the 11 step h that leads to pregnancy?,<s>
What is the placenta endocrine tissue?,<s>
What is the process of implantation called?, it leads to pregnancy
What is the main reason for increased production of these hormones?, supporting the fetal growth 37 metabolic changes in the mother and maintenance of pregnancy
What hormones are produced in women only during pregnancy?, hcg hpl and relaxin
What hormone is secreted by the ovary in the later phase of pregnancy?, relaxin
How long does human pregnancy last in dogs elephants cats find out in humans after one month of pregnancy?,<s>How long does human pregnancy last in dogs elephants cats find out in humans after one month of pregnancy?</s></s>biology into an outer layer called ectoderm and an inner layer called endoderm. a mesoderm soon appears between the ectoderm and the endoderm. these three layers give rise to all tissues organs in adults. it needs to be mentioned here that the inner cell mass contains certain cells called stem cells which have the potency to give rise to all the tissues and organs. what are the major features of embryonic development at various months of pregnancy the human pregnancy lasts 9 months
What triggers release of oxytocin from the maternal pituitary?, foetal ejection reflex
How long does human pregnancy last in dogs elephants cats find out in humans?, 9 months
What is parturition induced by?, a complex neuroendocrine mechanism
What is parturition induced by?,<s>What is parturition induced by?</s></s>human reproduction summary humans are sexually reproducing and viviparous. the male reproductive system is composed of a pair of testes the male sex accessory ducts and the accessory glands and external genitalia. each testis has about 250 compartments called testicular lobules and each lobule contains one to three highly coiled seminiferous tubules. each seminiferous tubule is lined inside by spermatogonia and sertoli cells. the spermatogonia undergo meiotic divisions leading to sperm formation while sertoli cells provide nutrition to the dividing germ cells. the leydig cells outside the seminiferous tubules synthesise and secrete testicular hormones called androgens. the male external genitalia is called penis. the female reproductive system consists of a pair of ovaries a pair of oviducts a uterus a vagina external genitalia and a pair of mammary glands. the ovaries produce the female gamete ovum and some steroid hormones ovarian hormones. ovarian follicles in different stages of development are embedded in the stroma. the oviducts uterus and vagina are female accessory ducts. the uterus has three layers namely perimetrium myometrium and endometrium. the female external genitalia includes mons pubis labia majora labia minora hymen and clitoris. the mammary glands are one of the female secondary sexual characteristics. spermatogenesis results in the formation of sperms that are transported by the male sex accessory ducts. a normal human sperm is composed of a head neck a middle piece and tail. the process of formation of mature female gametes is called oogenesis. the reproductive cycle of female primates is called menstrual cycle. menstrual cycle starts only after attaining sexual maturation puberty. during ovulation only one ovum is released per menstrual cycle. the cyclical changes in the ovary and the uterus during menstrual cycle are induced by changes in the levels of pituitary and ovarian hormones
What is the process called during lactation?,<s>
What do the three layers give rise to in adults?, all tissues organs
What causes stronger uterine contractions?, oxytocin
What is the average duration of human pregnancy?, 9 months
What is the inner cell mass called?,<s>What is the inner cell mass called?</s></s>human reproduction blastomeres is called a morula figure 2.11e. the morula continues to divide and transforms into blastocyst figure 2.11g as it moves further into the uterus. the blastomeres in the blastocyst are arranged into an outer layer called trophoblast and an inner group of cells attached to trophoblast
What is the inner cell mass called?, stem cells
What is the outer layer called?, ectoderm
What is the average duration of human pregnancy called?, gestation period
What are the three layers that give rise?, all tissues organs in adults
What is the main feature of embryonic development at various months of pregnancy?,<s>
What is parturition?, process of delivery of the foetus childbirth is called parturition. parturition is induced by a complex neuroendocrine mechanism
What is parturition?,<s>
What is parturition?, hormones are involved in induction of parturition
How long does the human pregnancy last in dogs elephants cats?, 9 months
What is the milk produced during the initial few days of lactation called?,<s>
What does oxytocin do to the uterine muscle?, causes stronger uterine contractions
What triggers release?, oxytocin
What is the inner cell mass of the embryo called?, stem cells
How long does the human pregnancy last?, 9 months
How long does a human pregnancy last?, 9 months
How long does human pregnancy last?, 9 months
What are the cells called in the inner cell mass?, stem cells
What triggers release of oxytocin from the maternal?, foetal ejection reflex
What is the gestation period?, 9 months
What is the process called that helps?,<s>
What is the process called during pregnancy called?, parturition
What is the inner layer called?, endoderm
How long does pregnancy last in dogs elephants cats?,<s>
What do mammary glands differentiate during pregnancy and secrete after childbirth?,<s>
What do spermatogonia undergo?, meiotic divisions
What hormones are involved in ovulation?,<s>
What is the male reproductive system composed of?, a pair of testes the male sex accessory ducts and the accessory glands and external genitalia
What is the name of the process of childbirth?,<s>
What are the oviducts?, uterus and vagina are female accessory ducts
What is parturition induced by?, a complex neuroendocrine mechanism
What is parturition induced by?,<s>What is parturition induced by?</s></s>human reproduction summary humans are sexually reproducing and viviparous. the male reproductive system is composed of a pair of testes the male sex accessory ducts and the accessory glands and external genitalia. each testis has about 250 compartments called testicular lobules and each lobule contains one to three highly coiled seminiferous tubules. each seminiferous tubule is lined inside by spermatogonia and sertoli cells. the spermatogonia undergo meiotic divisions leading to sperm formation while sertoli cells provide nutrition to the dividing germ cells. the leydig cells outside the seminiferous tubules synthesise and secrete testicular hormones called androgens. the male external genitalia is called penis. the female reproductive system consists of a pair of ovaries a pair of oviducts a uterus a vagina external genitalia and a pair of mammary glands. the ovaries produce the female gamete ovum and some steroid hormones ovarian hormones. ovarian follicles in different stages of development are embedded in the stroma. the oviducts uterus and vagina are female accessory ducts. the uterus has three layers namely perimetrium myometrium and endometrium. the female external genitalia includes mons pubis labia majora labia minora hymen and clitoris. the mammary glands are one of the female secondary sexual characteristics. spermatogenesis results in the formation of sperms that are transported by the male sex accessory ducts. a normal human sperm is composed of a head neck a middle piece and tail. the process of formation of mature female gametes is called oogenesis. the reproductive cycle of female primates is called menstrual cycle. menstrual cycle starts only after attaining sexual maturation puberty. during ovulation only one ovum is released per menstrual cycle. the cyclical changes in the ovary and the uterus during menstrual cycle are induced by changes in the levels of pituitary and ovarian hormones
What determines the sex of the embryo?, the presence of x or y chromosome in the sperm
What is the process of childbirth called?,<s>
What is the uterus's third layer?, perimetrium myometrium and endometrium
What is one of the female secondary sexual characteristics?, mammary glands
What is fed by the mother after childbirth?,<s>
What is the female reproductive system composed of?, a pair of ovaries alongwith a pair of oviducts uterus cervix vagina and the external genitalia
What is the female reproductive system composed of?, a pair of ovaries a pair of oviducts a uterus a vagina external genitalia and a pair of mammary glands
What is the reproductive cycle of female primates called?, menstrual cycle
What is the male external genitalia called?,<s>
What is the male external genitalia called?, penis
What hormones are involved in the cyclical changes in the ovary and uterus during menstrual cycle?, pituitary and ovarian hormones
What is one of the female external genitalia?, mons pubis labia majora labia minora hymen and clitoris
What are the ovaries producing?, the female gamete ovum and some steroid hormones ovarian hormones
What are the ovarian follicles embedded in?, the stroma
What hormones are involved in the cyclical changes in?, pituitary and ovarian hormones
What is parturition?, process of delivery of the foetus childbirth is called parturition. parturition is induced by a complex neuroendocrine mechanism
What is parturition?,<s>
What is parturition?, hormones are involved in induction of parturition
What is the process of formation of mature female gametes?, oogenesis
What is the female gamete ovum produced by?, the ovaries
What is the female external genitalia?, mons pubis labia majora labia minora hymen and clitoris
What are the ovarian hormones embedded in?, the stroma
What is the normal human sperm composed of?, a head neck a middle piece and tail
What glands differentiate during pregnancy and secrete milk after childbirth?,<s>
What is the first stage of menstrual cycle?, sexual maturation puberty
What are the oviducts uterus and vagina?, female accessory ducts
What are testicular hormones called?, androgens
What is the process of childbirth?,<s>
What is the process of formation of mature female gametes called?, oogenesis
What is oogenesis?,<s>What is oogenesis?</s></s>biology f the process of release of ovum from a mature follicle is called g ovulation is induced by a hormone called h the fusion of male and female gametes is called i fertilisation takes place in j zygote divides to form which is implanted in uterus. k the structure which provides vascular connection between foetus and uterus is called 2. draw a labelled diagram of male reproductive system. 3. draw a labelled diagram of female reproductive system. 4. write two major functions each of testis and ovary. 5. describe the structure of a seminiferous tubule. 6. what is spermatogenesis briefly describe the process of spermatogenesis. 7. name the hormones involved in regulation of spermatogenesis. 8. define spermiogenesis and spermiation. 9. draw a labelled diagram of sperm. 10. what are the major components of seminal plasma 11. what are the major functions of male accessory ducts and glands 12. what is oogenesis give a brief account of oogenesis
What is the process of release of ovum from a mature follicle called?, g
Name the hormones involved in regulation of spermatogenesis?,<s>
How many eggs are released by a human ovary in a month?,<s>
What hormones regulate menstrual cycle?, menstrual cycle
What are androgens produced by?, sertoli cells
How many eggs?,<s>
What cells are found in ovary?, c leydig cells
What are the major functions of male accessory ducts and glands?,<s>
What are the major components of seminal plasma?,<s>
What is spermatogenesis briefly describe the process?,<s>
What is the structure which provides?,<s>
What is spermatogenesis?,<s>
What cells produce and?, sertoli cells
What cells produce androgens?, sertoli cells
What is oogenesis give a brief account of oogenesis?,<s>
What happens during pregnancy?,<s>
How many eggs do you think would have been released if the mother gave birth to identical twins would your answer change if the twins born were?,<s>
What is not a reliable indicator of virginity or sexual experience?, presence or absence of hymen
What is not a reliable indicator of virginity or sexual experience?,<s>
What is parturition?, process of delivery of the foetus childbirth is called parturition. parturition is induced by a complex neuroendocrine mechanism
What is parturition?,<s>
What is parturition?, hormones are involved in induction of parturition
How many eggs are released by a human ovary in?,<s>
What hormone induces ovulation?, h
What is often blamed for giving birth to daughters?, the women
Where does oogenesis take place?, corpus luteum
What is spermatogenesis briefly describe the process of spermatogenesis?,<s>
What is the fusion of male and female gametes called?, i
What type of cells produce androgens?, sertoli
What type of cells are found in ovary?, c leydig cells
What hormones are involved in induction of parturition?,<s>What hormones are involved in induction of parturition?</s></s>biology f the process of release of ovum from a mature follicle is called g ovulation is induced by a hormone called h the fusion of male and female gametes is called i fertilisation takes place in j zygote divides to form which is implanted in uterus. k the structure which provides vascular connection between foetus and uterus is called 2. draw a labelled diagram of male reproductive system. 3. draw a labelled diagram of female reproductive system. 4. write two major functions each of testis and ovary. 5. describe the structure of a seminiferous tubule. 6. what is spermatogenesis briefly describe the process of spermatogenesis. 7. name the hormones involved in regulation of spermatogenesis. 8. define spermiogenesis and spermiation. 9. draw a labelled diagram of sperm. 10. what are the major components of seminal plasma 11. what are the major functions of male accessory ducts and glands 12. what is oogenesis give a brief account of oogenesis. 13. draw a labelled diagram of a section through ovary. 14. draw a labelled diagram of a graafian follicle 15. name the functions of the following a corpus luteum b endometrium c acrosome d sperm tail e fimbriae 16. identify truefalse statements. correct each false statement to make it true. a androgens are produced by sertoli cells. truefalse b spermatozoa get nutrition from sertoli cells. truefalse c leydig cells are found in ovary. truefalse d leydig cells synthesise androgens. truefalse e oogenesis takes place in corpus luteum. truefalse f menstrual cycle ceases during pregnancy. truefalse g presence or absence of hymen is not a reliable indicator of virginity or sexual experience. truefalse 17. what is menstrual cycle which hormones regulate menstrual cycle 18. what is parturition
What are the hormones involved in regulation of spermatogenesis?,<s>
What is the name of the function of the following?,
What are the functions of the following?,
