Original Question,Corrected Question
"1,What is the reproductive event in humans?
","1, What is the reproductive event in humans?"
"1,What is the rationalised 202324?
","1,What is the rationalized 202324?"
"1,Where is the female reproductive system located?
","1, Where is the female reproductive system located?"
"1,What is the name of the genital tract insemination?
","1,What is the name of the genital tract insemination?"
"1,Where is the male reproductive system located?
","1,Where is the male reproductive system located?"
"1,What does sperm formation continue even in old men?
","1,What is the continued sperm formation in old men?"
"1,What is the male reproductive viviparous?
","1,What is the male reproductive viviparous?"
"1,What is the external genitalia rationalised 202324?
","1,What is the external genitalia rationalised 202324?"
"1,What is the female reproductive viviparous?
","1,What is the female reproductive viviparous?"
"1,What is the male reproductive system located in?
","1,In what part of the body is the male reproductive system located?"
"1,What is the name of the genital tract insemination and fusion of male and female gametes fertilisation leading to formation of zygote?
","1,What is the name of the process of insemination and fusion of male and"
"1,Where is the male reproductive?
","1,Where is the male reproductive organ?"
"1,What is the male reproductive system?
","1, What is the male reproductive system?"
"1,What is the female reproductive system located in?
","1,In what organ system is the female reproductive system located?"
"1,What does ovum cease to do in women around fifty years?
","1,What does ovum cease to do in women around fifty years?"
"1,What is the name of the sperms in males?
","1,What is the name of the sperms in humans?"
"1,What are the differences between the reproductive events in the male and female?
","1, What are the differences between the reproductive events in the male and female?"
"1,What is the name of the sperms in females?
","1,What is the name of the sperms in humans?"
"1,What is the female reproductive system?
","1, What is the female reproductive system?"
"1,What is the term for transfer of sperms into the female?
","1,What is the term for sperma transfer into the female?"
"1,What is the name of the text that includes a pair of testes along with accessory ducts glands?
","1,What is the name of the text that includes a pair of testes along with"
"2,How many highly coiled seminiferous tubules are in each lobule?
","2,How many highly coiled seminiferous tubules are in each "
"2,What is the vas?
","2, What is the vas?"
"2,What are the two types of cells inside each seminiferous tubul?
","2, What are the two types of cells inside each seminiferous tubul?"
"2,What are the regions outside of the seminiferous tubules called?
","2, What are the regions outside of the seminiferous tubules called?"
"2,What are the two types of cells that line the inside of the seminiferous tubules?
","2,What are the two types of cells that line the inside of the seminiferous tub"
"2,What do sertoli cells provide?
","2, What is it that sertoli cells provide?"
"2,What do the seminiferous tubules of the testis open into?
","2,Into what do the seminiferous tubules of the testis open?"
"2,What are the regions outside the seminiferous tubules called?
","2, What are the regions outside the seminiferous tubules called?"
"2,What is the pouch that the testes are located outside the abdominal cavity within?
","2,What is the pouch within which the testes are located outside the abdominal cavity?"
"2,What are the leydig cells called?
","2, What are the leydig cells?"
"2,What do male germ cells undergo?
","2, What do male cells undergo?"
"2,What do sertoli cells provide to the germ cells?
","2, What do sertoli cells provide to the zygotes?"
"2,What is the vasa efferentia located along the posterior surface 27 of each testis?
","2,What is the vasa efferentia located along the posterior surface 27"
"2,What is the urethra?
","2, What is the urethra?"
"2,What is the external opening of the urethra?
","2, What is the external opening of the urethra?"
"2,What is the urethra called?
",What is the urethra called?
"2,What is the length of the testis in adults?
","2, What is the length of the testis in adults?"
"2,What do the sertoli cells provide?
","2, What is the role of sertoli cells?"
"2,What are the two types of cells that line each seminiferous tubule?
","2, What are the two types of cells that line each seminiferous tubule?"
"2,What do leydig cells secrete?
","2, What are leydig cells secreted by?"
"2,What do the seminiferous tubules?
","2, What are the seminiferous tubules?"
"2,What are the regions outside the se?
","2,What are the territories outside the se?"
"2,What are the male sex accessory duct?
","2,What is the male genital duct?"
"2,What do the seminiferous tubules of the testis open into through rete testis?
","2,Into what do the seminiferous tubules of the testis open into"
"2,What is the epididymis located along the posterior surface 27 of each testis?
","2,What is the epididymis located along the posterior surface 27 of each testis"
"2,What do seminiferous tubules of?
","2,What do seminiferous tubules of?"
"2,What are interstitial spaces called?
","2, What are interstitial spaces called?"
"2,What is the normal internal body temperature necessary for spermatogenesis in adults?
","2, What is the normal internal body temperature necessary for spermatogenesis in adults?"
"2,What is the normal internal body temperature needed for spermatogenesis in adults?
","2, What is the normal internal body temperature needed for spermatogenesis in humans?"
"2,What are the male sex accessory ducts called?
","2,What are the male sex accessory ducts called?"
"2,What is the pouch called that helps in maintaining the low temperature of the testes?
","2, What is the pouch called that helps in maintaining the low temperature of the testes?"
"2,How many compartments are in each testis?
","2, How many compartments are in each testis?"
"2,How many compartments are in the testis?
","2, How many compartments are there in the testis?"
"2,What is the length of the testis?
","2, What is the length of the testis?"
"2,What do leydig cells synthesise and secrete?
","2, What do leydig cells synthesize and secrete?"
"2,What do the seminiferous tubules of the testis?
","2, What is the seminiferous tubules of the testis?"
"2,What is the male reproductive system part of testis open to show inner details androgens other immunologically competent cells are also present in the male sex accessory ducts include rete testis vasa effer?
","2,What is the male reproductive system part of testis open to show inner details androgen"
"2,What does the urethra originate from?
","2, What does the urethra originate from?"
"2,What is the external opening called?
","2, What is the external opening called?"
"2,What is the epididymis called?
","2, What is the epididymis called?"
"2,What is the male sex accessory duct?
","2,What is the male genital duct?"
"2,What helps in maintaining the low temperature of the testes?
","2, What helps in maintaining the low temperature of the testes?"
"2,What is the ejaculatory duct?
","2, What is the ejaculatory duct?"
"2,What are the male sex accessory ducts?
","2,What are the male genital ducts?"
"2,What is the reproductive system of males?
","2, What is the reproductive system of humans?"
"2,What are the two types of cells that line the inside of a seminifer?
",What are the two types of cells that line the inside of a seminifer?
"2,How many highly coiled seminiferous tubules are in the male pelvis?
","2,How many highly coiled seminiferous tubules are in the male"
"2,What do leydig cells synthesise and secret?
","2, What do leydig cells synthesize and secrete?"
"2,What are the compartments inside the testis called?
","2, What are the compartments inside the testis called?"
"2,What do these ducts store and transport?
","2, What do these ducts carry and store?"
"2,What are the two types of cells that line the inside of a seminiferous tubule?
",What are the two types of cells that line the inside of a seminiferous tub
"2,What is the width of the testis in adults?
","2, What is the width of the testis in adults?"
"3,What glands are included in the male accessory glands?
","3,What are the three main glands in the male accessory glands?"
"3,How many ovaries are located on each side of the lower abdomen?
","3, How many ovaries are on each side of the lower abdomen?"
"3,What glands are secreted by the female reproductive system?
","3,What are the reproductive organs secreted by the female reproductive system?"
"3,What is the primary female sex organs that produce the female 28 gamete ovum and several steroid hormones ovarian hormones?
","3,What is the primary female sex organ that produces the female 28 gamete "
"3,What is the seminal plasma rich in?
","3, What is the seminal plasma rich in?"
"3,What are the primary female sex organs that produce the female?
","3,What are the primary female sex organs that produce a female?"
"3,What is the secretions of bulbourethral glands also help in?
","3, What is the secretions of bulbourethral glands also used for?"
"3,What is the male accessory glands called?
","3, What is the male accessory glands called?"
"3,How long is each ovary?
","3, How long is each ovary?"
"3,What is the male external genitalia called?
",3 What is the external genitalia of a man called?
"3,What glands are paired seminal vesicles a prostate and paired bulbourethral glands?
","paired seminal vesicles, a prostate and paired bulbour"
"3,What is the secretions of the glands that are paired seminal ves?
",What is the secretions of the seminal ves?
"3,What is the enlarged end of penis called?
",What is the enlarged end of penis called?
"3,What glands help in the lubric?
","3, What glands help in the lubrication?"
"3,What is the inner medulla?
","3, What is the inner medulla?"
"3,What is the male accessory glands?
","3, What is the male accessory gland?"
"3,What is the ovarian stroma divided into?
","3, What is the ovarian stroma divided into?"
"3,What are the ovaries located on each side of?
","3,What are the ovaries located on each side of?"
"3,What is the fold of skin on the enlarged end of penis called?
",What is the fold of skin on the enlarged end of penis called?
"3,What is the fold of skin that covers the enlarged end of penis called?
",What is the fold of skin that covers the enlarged end of penis called?
"3,What are the male accessory glands?
","3, What are the male accessory glands?"
"3,What are the primary female sex organs?
","3, What are the primary female organs?"
"3,What is the stroma divided into?
","3, What is the stroma divided into?"
"3,What is the ovary covered by?
","3, What is the ovary covered by?"
"3,What is the female reproductive system composed of?
","3, What is the female reproductive system composed of?"
"3,What is the length of each ovary?
","3, What is the length of each ovary?"
"3,What is the primary female sex organs that produce the female?
","3,What is the primary female sex organ that produces a female?"
"3,What is the inner medulla rationalised 202324?
","3, What is the inner medulla rationalised 202324?"
"3,What is the male external genitalia?
","3, What is the external genitalia of a man?"
"4,What is the length of each fallopian tube?
","4, What is the length of each fallopian tube?"
"4,What is the female accessory ducts?
","4, What is the female accessory duct?"
"4,What is the part closer to the ovary called?
",4 What is the part closer to the ovary called?
"4,What is the infundibulum that leads to a wider view of the female reproductive system?
","4,What is the infundibulum that leads to a broader view of the"
"4,What do fimbriae do?
","4, What does fimbriae do?"
"4,What year was the female reproductive system rationalised?
","4,What year was the female reproductive system rationalised?"
"4,What are fimbriae?
","4, What are fimbriae?"
"4,What is the infundibulum called?
",4 What is the infundibulum called?
"4,What is the name of the projections on the edges of the infundibulum called?
",4 What is the name of the projections on the edges of the infundibulum
"4,What is the name of the part closer to the ovary called?
",4 What is the name of the part closer to the ovary called?
"5,What is the outer thin membranous perimetrium middle thick layer of smooth muscle myometrium and?
",5 What is the outer thin membranous perimetrium middle thick layer of smooth
"5,What is the name of the tiny fingerlike structure that lies at the upper junction of the two labia minora above the urethral opening?
",5 What is the name of the tiny fingerlike structure that lies at the upper junction of the
"5,What is the external thin membranous perimetrium?
",5 What is the external thin membranous perimetrium?
"5,What is the membrane that covers the opening of the vagina called?
",What is the membrane that covers the opening of the vagina called?
"5,What is the inner glandular?
","5, What is the inner lining of the pituitary?"
"5,What is the clitoris?
","5, What is the clitoris?"
"5,What is the hymen often to?
","5, What is the hymen often used for?"
"5,What is the opening of the vagina often covered partially?
",5 What is the opening of the vagina often covered partially?
"5,What is the hymen called?
",5 What is the hymen called?
"5,What is the hymen often torn during?
","5, What is the hymen often torn from?"
"5,What is the outer thin membranous perimetrium middle thick layer of smooth muscle myometrium and inner glandular layer called called?
",5 What is the outer thin membranous perimetrium middle thick layer of smooth
"5,What is the hymen?
","5, What is the hymen?"
"5,What is the cavity of the cervix?
",5 What is the size of the cervix?
"5,What is the inner glandular layer called?
",What is the inner layer of the pituitary system called?
"5,What is the cavity of the cervix called?
",What is the cavity of the cervix called?
"5,What is often torn during the first coitus intercourse?
",5 What is often torn during the first coitus intercourse?
"5,What is the hymen often broken by?
",5 What is the hymen often broken by?
"5,What is the inner glandular layer called called that lines the uterine cavity?
",5 What is the inner layer of the uterine called that lines the void?
"5,What is the cushion of fatty tissue covered by?
","5, What is the cushion of fatty tissue covered by?"
"5,What is the name of the membrane that covers the opening of the vagina?
",What is the name of the membrane that covers the opening of the vagina?
"5,What is the most reliable indicator of virginity or sexual experience?
",5 What is the most reliable indicator of virginity or sexual experience?
"5,What can break the hymen?
","5, What can break the hymen?"
"5,What is the outer thin membranous perimetrium middle thick layer of smooth muscle myometrium?
",5 What is the outer thin membranous perimetrium middle thick layer of smooth
"5,What is not a reliable indicator of virginity or sexual experience?
",5 What is not a reliable indicator of virginity or sexual experience?
"5,What is the uterus also called?
",5 What is the uterus also called?
"5,What is the birth canal called?
",What is the name for the place where the birth canal begins?
"5,What is the last part of the oviduct isthmus called?
",5 What is the last part of the oviduct isthmus called?
"5,What are fleshy folds of tissue that extend down from the mons pubis and surround the vaginal opening?
",5 What are fleshy folds of tissue that extend down from the mons pubis and
"5,What are labia majora?
","5,What is labia majora?"
"5,What is the outer layer of the uterus called?
",5 What is the outer layer of the uterus called?
"5,What is the female external genitalia called?
",5 What is the external genitalia called?
"5,What is the shape of the uterus like?
",5 What is the shape of the uterus?
"5,What is the clitoris called?
",5 What is the clitoris called?
"5,What are labia minora?
","5,What is labia minora?"
"6,What do the tubules of?
","6, What is the tubule of?"
"6,What do the alveoli open into?
",6 What does the alveoli open into?
"6,What gland is gnrh acting at?
","6,What is the gnrh acting at?"
"6,How many mammary lobes are there?
","6, How many mammary lobes are there?"
"6,What is the name of the hormone that increases the seminiferous tubule?
","6, What is the name of the hormone that increases the seminiferous tubule?"
"6,What is the number of chromosomes in spermatids?
","6, What is the number of chromosomes in spermatids?"
"6,What do the tubules of each lobe join to form?
",6 What do the tubules of each lobe join to form?
"6,What is connected to lactiferous duct through which milk is sucked out?
",6 What is connected to lactiferous duct through which milk is sucked
"6,When does spermiation begin?
","6,When does spermiation begin?"
"6,How many chromosomes does each spermatogonium contain?
","6,How many chromosomes does each spermatogonium contain?"
"6,What is the name of the process that produces sperms?
",What is the name of the process that produces sperm?
"6,What is the process called after spermiogenesis?
","After spermiogenesis, what is the process called?"
"6,What are mammary glands?
","6, What are mammary glands?"
"6,What is the process called that produces sperms?
",What is the process called that produces sperm?
"6,What is the process called that produces sperm?
",What is the process called that produces sperm?
"6,What hormone acts at the leydig cells?
","6,What hormone acts at the leydig cells?"
"6,What hormone acts at the anterior pituitary gland?
","6,What hormone acts at the pituitary gland?"
"6,What is the process called that produces spermatozoa sperms?
",What is the process called that produces sperm?
"6,What do the cells of alveoli open into?
",6 into what do the cells of alveoli open?
"6,What is the process called that releases sperm heads from the seminiferous tubules?
",What is the process called that releases sperm heads from the seminiferous tubul
"6,What hormone is produced by the anterior pituitary gland?
","6, What hormone is produced by the pituitary gland?"
"6,What are the mammary glands?
",6 What are the mammary glands?
"6,What is the process called that produces sperms in testis?
",What is the process called that produces sperm in testis?
"6,What is characteristic of all female mammals?
","6, What characteristic is shared by all female mammals?"
"6,What does fsh act on?
","6, What does fsh act on?"
"6,What hormone acts on the sertoli cells?
","6,What hormone acts on the sertoli cells?"
"6,What is the name of the hormone that increases the se?
","6, What is the name of the hormone that increases se?"
"6,What do the cells of alveoli secrete?
","6, What is the substance that the cells of alveoli secrete?"
"6,How many chromosomes are in each spermatogonium?
","6, How many chromosomes are in each spermatogonium?"
"6,What is the glandular tissue of each breast divided into?
",6 What is the stroma of each breast divided into?
"6,What is the process called that transforms spermatids?
",What is the process called that changes spermatids?
"6,What hormone is produced by the anterior?
","6,What hormone is produced by the anterior?"
"6,What is the process called that produces spermatozoa?
",What is the process called that produces spermatozoa?
"6,What cells does lh act at?
","6,What cells does lh act at?"
"6,What is the process called that transforms spermatids into spermatozoa sperms?
",What is the process called that transforms spermatids into sperm?
"6,What is the process of spermatogenesis?
",What is the process of spermatogenesis?
"6,What is the process of spermatogenesis that is stimulated by androgens?
",What is the process of spermatogenesis that is stimulated by androgens
"6,What hormone is released at the anterior pituitary gland?
","6,What hormone is released at the pituitary gland?"
"6,What is the name of the spermatogonium present on the inside wall of seminiferous tubules?
",6 What is the name of the spermatogonium present on the inside wall of
"7,What is the rationalised 202324?
","7, What is the rationalised 202324?"
"7,What is the first meiotic division of the primary oocyte?
","7,What is the first meiotic division of the primary oocyte?"
"7,What is the second meiotic division?
","7,What is the second meiotic division?"
"7,What is the process of formation of a mature female gamete called?
",What is the process of formation of a mature female ovulatory cell called?
"7,What is the sperm head composed of?
","7, What is the sperm head composed of?"
"7,What are the primary follicles called?
",7 What are the primary follicles called?
"7,What is the inner theca interna?
","7, What is the inner theca interna?"
"7,What is the first polar body?
","7,What is the first polar body?"
"7,What is the structure of a sperm?
","7, What is the structure of a sperm?"
"7,What is the formation of a large?
","7, What is the formation of a large?"
"7,How many sperm?
","7, How many sperm?"
"7,What is the structure of a sperm composed of?
","7, What is the structure of a sperm composed of?"
"7,What is the body of sperm covered by?
","7, What is the sperm covered by?"
"7,What are the testicular hormones androgens used for?
","7, What are testicular hormones androgens used for?"
"7,What is the secondary follicle called?
",7 What is the secondary follicle called?
"7,What is the outer theca externa?
","7, What is the outer theca externa?"
"7,What is the tertiary?
",7 What is the tertiary?
"7,What are the functions of male sex accessory ducts and glands maintained by?
","7, What are the functions of male sex accessory ducts and glands maintained by"
"7,What is the sperm head covered by?
","7, What is the sperm head covered by?"
"7,What are the seminal plasma along with the sperms essential for?
","7, What is the seminal plasma and sperm essential for?"
"7,How many sperms does the human male ejaculate during a coitus?
","7,How many sperm does the human male ejaculate during a co"
"7,What is the primary oocyte called?
",What is the primary oocyte called?
"7,What is the tertiary follicle arranged into?
",Into what is the tertiary follicle arranged?
"7,What is the primary oocyte within the tertiary follicle?
",What is the primary oocyte within the tertiary follicle?
"7,What are the secretions of epididymis vas deferens essential for?
","7, What is the secretions of epididymis vas deferens essential"
"7,What are the primary follicles called at puberty?
",What are the primary follicles called at puberty?
"7,What percentage of sperms must show?
","7, What percentage of sperms must show?"
"7,What are the functions of male sex accessory?
","7, What is the function of a male sex accessory?"
"7,What is the tertiary follicle characterized by?
",What is the tertiary follicle characterized by?
"7,What is the body of sperm?
","7, What is the structure of sperm?"
"7,What are the primary oocytes called?
",What are the primary oocytes called?
"7,What is the process of formation of a mature female gamete markedly different from?
","7, What is the process of formation of a mature female gamete markedly different from"
"7,What is the result of the unequal division?
",7 What is the result of the unequal division?
"7,What is the primary follicle called?
",What is the primary follicle called?
"7,How many sperms must have normal shape and size for normal fertility?
",7 How many sperms must have normal shape and size for normal fertilities?
"7,How many sperms does a?
","7,How many sperms does a sperma have?"
"7,How many sperms does a human male ejaculate during a coitus?
","7,How many sperm does a human male produce during a coitus?"
"7,When is oogenesis initiated?
","7,When is oogenesis initiated?"
"7,What is the tertiary follicle characterised by?
",7 What is the tertiary follicle characterised by?
"7,What is the first stage of oogenesis?
","7, What is the first stage of oogenesis?"
"7,What is the acrosome filled with?
","7, What is the acrosome filled with?"
"7,What is the process of formation of?
","7, What is the process of formation of?"
"8,What is the process called that releases the secondary oocyte ovum from the ovary?
",What is the process called that releases the secondary oocyte ovum from the 
"8,What is the name of the membrane that surrounds the secondary oocyte called?
",The membrane that surrounds the secondary oocyte is called
"8,What is the first menstruation called in human females?
","8,What is the first menstruation called in human females?"
"8,How many days is the average interval of menstruation?
","8,How many days is the average interval of menstruation?"
"8,What is the reproductive cycle in the female primates?
","8, What is the reproductive cycle in the female mammal?"
"8,What is the diagrammatic representation of?
","8,What is the diagrammatic representation of?"
"8,What is the reproductive cycle in humans called?
","8,What is the reproductive cycle in humans called?"
"8,What is the reproductive cycle in female primates called?
","8,What is the reproductive cycle in female mammal called?"
"8,When is ovum released ovulation?
","8,When is ovulation released?"
"8,What is the reproductive cycle in primates?
","8, What is the reproductive cycle in hominoids?"
"8,What is the first menstruation called in humans?
","8,What is the first stage of menstruation called in humans?"
"8,What is the average interval of menstruation in human females?
","8,What is the average interval of menstruation in human females?"
"8,What is the first menstruation called in monkeys apes and human beings?
","8,What is the first menstruation called in monkeys apes and human being"
"8,What is the membrane that surrounds the secondary oocyte called?
",What is the membrane that surrounds the secondary oocyte called?
"8,What is the term for the membrane that surrounds the secondary oocyte called?
",What is the term for the membrane that surrounds the secondary oocyte called?
"8,What is the process called that releases the secondary o?
",The process that releases the secondary o is called
"8,What is the reproductive cycle in the female primates e g monkeys apes and humans called?
","8,What is the reproductive cycle in the female primates, i.e. monkeys"
"8,What is the reproductive cycle in the female primates called?
","8, What is the reproductive cycle in the female mammal called?"
"8,What is the reproductive cycle in human females called?
","8,What is the reproductive cycle in human females called?"
"8,What is the process called that releases the secondary oocyte ovum from the?
","8,What is the process called that releases the secondary oocyte ovum from the"
"8,What is the name of the membrane that the secondary oocyte forms around it?
",The peritoneum
"8,What is the reproductive cycle in humans?
","8, What is the reproductive cycle in humans?"
"8,What is the term for the mature follicle?
",8 What is the term for the mature follicle?
"8,When does the first menstruation begin in human females?
","8,When does the first menstruation begin in human females?"
"8,What is the cycle of events starting from one menstruation till the next one called?
",8 What is the cycle of events starting from one menstruation till the next one called?
"9,What phase is followed by the menstrual phase?
",What phase is followed by menstruation?
"9,What is the main event of the menstrual cycle?
","9, What is the main event of the menstrual cycle?"
"9,What is the breakdown of the endometrial lining of the uterus and its blood vessels that forms liquid that comes out through vagina?
",What is the breakdown of the endometrial lining of the uterus and its
"9,What is the secretion of rationalised 202324?
","9,What is the secretion of rationalized 202324?"
"9,What is the menstrual?
","9, What is the menstrual period?"
"9,What is the cause of the breakdown of the endometrial lining of the uterus and its blood vessels?
",9 What is the cause of the breakdown of the endometrial lining of the 
"9,What is the first phase of the menstrual cycle?
","9,What is the first phase of the menstrual cycle?"
"9,What is the only time menstruation occurs?
","9,What is the only time that menstruation does not occur?"
"9,What phase is followed by the follicular phase?
",What phase is followed by the follicular phase?
"9,What is the duration of the menstrual cycle?
","9, What is the duration of the menstrual cycle?"
"9,What is the duration of the cycle?
","9, What is the cycle duration?"
"9,What is the menstrual phase followed by?
","9,what is the menstrual period followed by?"
"9,What does the endometrium of uterus regenerate through?
","9, What does the endometrium of the uterus regenerate through?"
"9,What is the result of the breakdown of the endometrial lining of the uterus and its blood vessels?
",What is the result of the breakdown of the endometrial lining of the uter
"9,What hormones are induced by changes in the ovary and?
","9,What hormones are induced by changes in the ovaries and?"
"9,What is the menstrual phase?
","9,What is the menstrual period?"
"9,What is the first phase of the cycle?
","9,What is the first phase of the cycle?"
"9,What is the endometrium of uterus regenerating through?
","9, What is the endometrium of the uterus regenerating through?"
"9,What hormones are induced by changes in the ova?
","9,What hormones are induced by changes in the ovaries?"
"9,What hormones are involved in the ovulation and uterus?
","9,What hormones are involved in the ovulation and uterus?"
"9,What is the menstrual flow?
","9, What is the menstrual cycle?"
"9,What is the follicular phase?
",What is the follicular phase?
"9,What do the primary follicles in the ovary grow to become?
",What do the primary follicles in the ovary grow to become?
"9,What is the menstrual flow caused by?
","9, What is the menstrual flow caused by?"
"10,What is the zona pellucida?
","10, What is the zona pellucida?"
"10,What is the luteal phase?
",What is the luteal phase?
"10,What is the process of fusion of a sperm with an ovum called?
",What is the process of fusion of a sperm with an ovum
"10,What is the corpus homemade pads called?
",What is the corpus homemade pads called?
"10,What does fertilisation do to the?
","10, What does fertilization do to the soil?"
"10,What is the term used for the menstrual cycles that ceases around 50 years of age?
",What is the term used for the menstrual cycle that ceases around 50 years of age
"10,What is the term for the absence of sanitary napkins of fertilisation?
",10 What is the term for the absence of sanitary napkins of fertilization?
"10,What causes disintegration properly wrapping it with a used paper do of the endometrium leading to menstruation marking a new cycle in not?
","10,What causes disintegration properly wrapping it with a used paper do of the endo"
"10,What is the term for the menopause?
",What is the term for menopause?
"10,What is the process of fusion of a?
",What is the process of fusion of an atom?
"10,What is the corpus luteum secreted?
",10 What is the corpus luteum secreted?
"10,What is the corpus?
","10, What is the corpus?"
"10,What is the corpus luteum secreted large amounts of?
","10, What is the corpus luteum secreted of?"
"10,What hormone is secrete?
","10, What hormone is secreted by the pituitary?"
"10,What is the acrosome secretions that help the sperm enter into the cytoplasm of the ovum through the zona pellucida and the plasma figure 2 10 ovum surrounded by few?
","10, What is the acrosome secretions that help the sperm enter into the"
"10,What secretions help the sperm enter into the cytoplasm of the ovum?
","10, What secretions help the sperm enter the ovum?"
"10,What is the plasma figure 2 10 ovum surrounded by few?
","10,What is the plasma figure 2 10 ovum surrounded by few?"
"10,What is the peak level of lh and fsh?
","10, What is the peak concentration of lh and fsh?"
"10,What is the luteal phase followed by?
",What is followed by the luteal phase?
"10,What hormones are secreted by the growing follicles during the luteal phase?
","10, What hormones are secreted by the growing follicles during the "
"10,What is the term for the cycle that ends around 50 years of age?
",What is the term for the cycle that ends around 50 years of age?
"10,What is the term for the menstrual cycle that ends around 50 years of age?
",What is the term for a menstrual cycle that ends around 50 years of age?
"10,What is released by the penis into the vagina?
",What is released by the penis into the vagina?
"10,What is the process of fusion of a sper?
",What is the process of fusion of a sperm?
"10,What is the corpus luteum essential for maintenance of?
","10, What is the corpus luteum essential for maintenance of?"
"10,What is the release of ovum ovulation?
",What is the release of ovum during ovulation?
"10,What is the maximum level of lh during the midcycle called?
","10, What is the maximum level of lh during the menstrual cycle called?"
"10,What does the acrosome help the sperm enter into the cytoplasm of the ovum through the zona pellucida and the plasma?
",What helps the sperm enter the cytoplasm of the ovum through the
"10,What is essential for maintenance of the endometrium napkins or homemade?
","10, What is essential for maintenance of endometrium napkins or homemade?"
"10,What is the ovum surrounded by few?
","10, What is the ovum surrounded by few?"
"10,What does fertilisation do to the ovum?
",What is fertilisation?
"10,What causes disintegration properly wrapping it with a used paper do of the endometrium leading to menstruation?
",10 What causes disintegration properly wrapping it with a used paper do of the endo
"10,What does the sperm induce that blocks the entry of additional sperms?
",What is the sperm inducer that blocks the entry of additional sperms?
"10,What layer of the ovum is in contact with during fertilisation?
","10,What layer of the ovum is in contact with during fertilization?"
"10,What hormone is secreted by the corpus luteum during the luteal phase?
","10, What hormone is secreted by the corpus luteum during the luteal"
"10,What is the secreted change sanitary progesterone essential for maintenance of?
","10, What is the secreted change sanitary progesterone essential for maintenance of?"
"10,What is the maximum level during the midcycle called?
","10, What is the maximum level during the midcycle called?"
"10,What is necessary for implantation of fertilised pads after every 45 hrs as per the requirement ovum and other events of pregnancy during pregnancy?
","10, What is the need for implantation of fertilised pads after every 45 hrs as per"
"10,What is an indicator of normal drainpipe of toilets or reproductive phase?
","10, What is an indicator of normal drainpipe of toilets or reproductive phase?"
"10,What is the corpus luteum secreted for?
",10 What is the corpus luteum secreted for?
"10,What is necessary for implantation of fertilised pads after every 45 hrs as?
","10, What is necessary for implantation of fertilised pads after every 45 hrs as?"
"10,What is fertilisation?
","10, What is fertilization?"
"10,How many sperms can fertilise an o?
","10, How many sperms can fertilise an egg?"
"10,What is the term used for the menopause?
",What is the term used for menopause?
"10,What is the ampullary region where fertilisation takes place?
",Where is fertilisation taking place?
"10,What is the luteal phase of the graafian follicle?
",What is the luteal phase of the graafian follicle
"11,What is the second meiotic division?
",11 What is the second meiotic division?
"11,What would a zygote carrying xx develop into?
","11, What would a zygote carrying x develop into?"
"11,What is the sex of the baby determined?
",11 What is the sex of a child determined?
"11,What would a zygote carrying xy form a male baby?
",What is the most likely way that a zygote carrying xy will form
"11,What would the zygote carry xy form?
","11, What would the zygote carry in its XY form?"
"11,What would the zygote carry xx develop into?
","11, What would the zygote carrying X develop into?"
"11,What is the mitotic division started as the zygote moves through the isthmus of the ovi?
",What is the mitotic division started as the zygote moves through the isthmus
"11,What is the number of embryos in the embryo?
",11 What is the number of chromosomes in the embryo?
"11,What is the chromosome pattern in the male?
",11 What is the chromosome pattern in the human?
"11,What is the chromosome pattern in the human female?
",11 What is the chromosome pattern in the human female?
"11,What would the zygote carry after fusion of the male and female gametes?
",What will the zygote carry after fusion of the male and female gametes?
"11,What percentage of sperms carry the x chromosome?
","11,What percentage of sperms carry the x chromosome?"
"11,What is the sex of the baby determined by?
",11 What is the sex of a child determined by?
"11,What cells are called blastomeres the embryo with 8 to 16 36 figure 2 11 transport of ovum fertilisation and passage of growing embryo through fallopian tube rationalised 202324?
",11 What cells are called blastomeres the embryo with 8 to 16 36 figure 2 11
"11,What percentage of sperms carry the y chromosome?
","11,What percentage of sperms carry the y chromosome?"
"12,What is the placenta?
","12, What is the placenta?"
"12,What hormone is secreted by the ovary?
","12,What hormone is secreted by the ovary?"
"12,What is the human reproduction blastomeres called?
",12 What is the human reproduction blastomere called?
"12,What is the name of the trophoblast that is surrounded by the uterine tissue and maternal blood?
",12 What is the name of the trophoblast that is surrounded by uterine
"12,What is the name of the text that differentiates the embryo after implantation?
","12,What is the name of the text that differentiates the embryo after implantation?"
"12,What is the term for the trophoblast that is surrounded?
",12 What is the term for the trophoblast that is surrounded?
"12,What is the process of implantation called?
",12 What is the process of implantation called?
"12,What is the placenta connected to?
","12, What is the placenta connected to?"
"12,What hormone is secreted by the ovary during pregnancy?
",12 What hormone is secreted by the ovary during pregnancy?
"12,What hormone is secreted by the ovary in the later phase of pregnancy?
",12 What hormone is secreted by the ovary in the later stage of pregnancy?
"12,What is the name of the hormone secreted by?
","12,What is the name of the hormone secreted by?"
"12,What is the name of the text that is based on the human foetus within the uterus rationalised 202324?
","12,What is the name of the text that is based on the human fet"
"12,What is the main reason for increased production of these hormones?
","12, What is the main reason for increased production of these hormones?"
"12,What is the term for the trophoblast that is surrounded by the uterine tissue and maternal blood?
",12 What is the term for the trophoblast that is surrounded by uterine
"12,What is the outer layer of the blast?
","12, What is the outer layer of the blast?"
"12,What is the inner cell mass called?
",12 What is the inner cell mass called?
"12,What is the outer layer of the blastomeres called?
",12 What is the outer layer of the blastomeres called?
"12,What hormones are produced in women only during pregnancy?
","12,What hormones are produced in women only during pregnancy?"
"12,What is the name of the trophoblast that is surrounded by uterine tissue and maternal blood?
",12 What is the name of the trophoblast that is surrounded by uterine
"12,What is the name of the hormone secreted by the ovary during pregnancy?
","12,What is the name of the hormone secreted by the ovary during"
"12,What is the name of the text that is based on the human foetus within?
",12:What is the name of the text that is based on the human fe
"12,What is the outer layer of the blastomeres in the blastocyst called?
",12 What is the outer layer of the blastomeres in the blastocys
"12,What is the outer layer of human reproduction blastomeres called?
","12,What is the outer layer of human reproductive blastomeres called?"
"12,What is the process that leads to pregnancy?
",12 What is the process that leads to pregnancy?
"12,What is the inner cell mass attached to the outer layer of the blastomeres?
",12 What is the inner cell mass attached to the outer layer of the blastomeres?
"12,What is the placenta endocrine tissue?
","12, What is the placenta endocrine tissue?"
"12,What is the 11 step h that leads to pregnancy?
",12 What is the 11 step h that leads to pregnancy?
"13,How long does human pregnancy last in dogs elephants cats find out in humans after one month of pregnancy?
","13,How long does human pregnancy last in dogs elephants cats find out in humans after one month"
"13,What do the three layers give rise to in adults?
",13 What do the three layers give rise to in humans?
"13,What is the first sign of growing foetus in human beings?
","13, What is the first sign of human beings having a child?"
"13,What causes stronger uterine contractions?
","13, What causes uterine contractions more?"
"13,What is the first time a baby is breast?
","13, What is the first time a child is born?"
"13,What is the average duration of human pregnancy called?
",13
"13,What is the process of delivery of the foetus called?
",13 What is the process of delivering a fetus called?
"13,What does oxytocin do to the uterine muscle?
","13, What does oxytocin do to the uterine muscle?"
"13,What is the main feature of embryonic development at various months of pregnancy?
","13,What is the main feature of embryonic development at different stages of pregnancy?"
"13,What is the process called during pregnancy called?
",13 What is the process called during childbirth called?
"13,How long does human pregnancy last?
","13,How long does human pregnancy last?"
"13,What is the inner cell mass called?
",13 What is the inner cell mass called?
"13,What is the inner cell mass of the embryo called?
",13 What is the inner cell mass of the ovule called?
"13,What are the three layers that give rise?
",13 What are the three layers that give rise?
"13,What is the first sign of growing foetus?
","13, What is the first sign of a fetus growing?"
"13,What is parturition induced by?
","13, What is parturition caused by?"
"13,How long does a human pregnancy last?
","13, How long does a human pregnancy last?"
"13,What is the outer layer called?
",13 What is the outer layer called?
"13,What is the process called during lactation?
",What is the process called during lactation?
"13,What is the process called that helps the mother in feeding the new born?
",13 What is the process called that helps the mother in feeding the new born?
"13,How long does the human pregnancy last?
","13, How long does a human pregnancy last?"
"13,What is the average duration of human pregnancy?
","13,What is the average duration of human pregnancy?"
"13,What triggers release of oxytocin from the maternal pituit?
","13,What causes oxytocin release from the maternal pituit?"
"13,What are the cells called in the inner cell mass?
","13, What are the cells called in the inner cell mass?"
"13,What is the first sign of growing foetus noticed by listening to the heart sound carefully through the stethoscope?
","13,What is the first sign of growing foetal detected when listening to the heart sound carefully"
"13,How long does human pregnancy last in dogs elephants cats find out in humans?
","13,How long does human pregnancy last in dogs elephants cats find out in humans?"
"13,What is parturition?
","13, What is parturition?"
"13,What is the first time a baby is breastfed?
","13, What is the most common reason for a woman to breastfeed?"
"13,By the end of the second month of pregnancy the foetus develops limbs and digits by the end of 12 weeks first trimester most of the major organ systems are formed by the end of 12 weeks first trim?
","13, By the end of the second month of pregnancy the foetus develops limb"
"13,What is the process called during pregnancy that helps the mother in feeding the new born?
",13 What is the process called during pregnancy that helps the mother in feeding the new born?
"13,What is the inner layer called?
",13 What is the inner layer called?
"13,What triggers release of oxytocin from the maternal?
","13,What triggers release of oxytocin from the mother?"
"13,What is the first sign of growing foetus noticed by listening?
","13,What is the first sign of a growing fetus that can be heard"
"13,How long does pregnancy last in dogs elephants cats?
","13,How long does pregnancy last in dogs elephants cats?"
"13,How long does the human pregnancy last in dogs elephants cats?
","13,How long does human pregnancy last in dogs elephants cats?"
"13,What is the milk produced during the initial few days of lactation called?
",13 What is the milk produced during the first few days of lactation called?
"13,What triggers release of oxytocin from the maternal pituitary?
","13,What triggers release of oxytocin from the pituitary?"
"14,What are the ovarian hormones embedded in?
",14 What is the ovarian hormone embedded in?
"14,What is the female gamete ovum produced by?
",14 What is the female gamete produced by?
"14,What is one of the female external genitalia?
",14 What is one of the female external genitalia?
"14,What is the process of childbirth called?
",14 What is the process of childbirth called?
"14,How many highly coiled seminiferous tubules are in each testis?
","14, How many highly coiled seminiferous tubules are in each test"
"14,What do sertoli cells provide to the germ cells?
",14 What do sertoli cells provide to the zygotes?
"14,How many compartments does each testis have?
","14, How many compartments does each testis have?"
"14,What is the reproductive cycle of female primates called?
",14 What is the reproductive cycle of female primates called?
"14,What is the male external genitalia called?
",14 What is the external genitalia of a man called?
"14,What are the oviducts?
","14, What are the oviducts?"
"14,What is the process of formation of mature female gametes called?
",14 What is the process of formation of mature female ovulatory cells called?
"14,What is the process of formation of mature female gametes?
",14 What is the process of formation of mature female ovulatory cells?
"14,What are the oviducts uterus and vagina?
",14 What are the oviducts between the uterus and vagina?
"14,What are the three layers of the?
",14 What are the three layers of the?
"14,What is the newborn baby fed by the mother?
","14, What is the mother's job in nursing the newborn baby?"
"14,What are the ovaries producing?
","14, What are the ovaries producing?"
"14,What is the female external genitalia?
","14, What is the external genitalia of a female?"
"14,What is the process of childbirth?
",14 What is the process of childbirth?
"14,What is parturition induced by?
","14, What is parturition caused by?"
"14,What do leydig cells outside the seminiferous tubules synthesise and secrete?
",14 What do leydig cells synthesize and secrete?
"14,What is one of the female secondary sexual characteristics?
","14,What is one of the female secondary sexual characteristics?"
"14,What is fertilisation in humans externalinternal?
","14, What is fertilisation in humans externalinternal?"
"14,What is the first stage of menstrual cycle?
",14 What is the first stage of menstrual cycle?
"14,What hormones are involved in ovulation?
","14, What hormones are involved in ovulation?"
"14,What is the uterus's third layer?
",14 What is the uterus's third layer?
"14,How many compartments are in each testis?
","14, How many compartments are in each testis?"
"14,What is the male reproductive system composed of?
",14 What is the male reproductive system composed of?
"14,What do sertoli cells provide to the dividing germ cells?
",14 What do sertoli cells provide to the dividing cells?
"14,What glands differentiate during pregnancy and secrete milk after childbirth?
","14,What cells differentiate during pregnancy and secrete milk after childbirth?"
"14,What do spermatogonia undergo?
",14 What does spermatogonia undergo?
"14,What is fed by the mother after childbirth?
",14 What is the mother fed after childbirth?
"14,What is parturition?
",14 What is parturition?
"14,What do mammary glands differentiate during pregnancy and secrete after childbirth?
",14 What do mammary glands differentiate between during pregnancy and secrete after childbirth?
"14,What is the normal human sperm composed of?
",14 What is the normal human sperm composed of?
"14,What are the ovarian follicles embedded in?
",14 What is the ovarian follicle embedded in?
"14,What is the zygote is rationalised 20?
","14,What is the zygote rationalised 20?"
"14,What hormones are involved in the cyclical changes in the ovary and uterus during menstrual cycle?
",14 What hormones are involved in the cyclical changes in the ovary and 
"14,What are the testicular lobules called?
",14 What are the testicular lobules called?
"14,What are testicular hormones called?
",14 What is testicular hormone called?
"14,What is the female reproductive system composed of?
",14 What is the female reproductive system composed of?
"14,What hormones are involved in the cyclical changes in?
","14,What hormones are involved in the cyclical changes in?"
"14,What determines the sex of the embryo?
",14 What determines the sex of an ovule?
"14,What is the name of the process of childbirth?
",14 What is the name of the process of childbirth?
"15,What is the fusion of male and female gametes called?
",What is the fusion of male and female gametes called?
"15,What are spermatozoa get nutrition from?
","15, What do spermatozoa get nutrition from?"
"15,What are the hormones involved in regulation of spermatogenesis?
","15,What are the hormones involved in regulation of spermatogenesis?"
"15,What are the major functions of male accessory ducts and glands?
",15 What are the major functions of male accessory ducts and glands?
"15,What type of cell is?
","15, What kind of cell is it?"
"15,What type of cell is found in ovary?
","15,What type of cell is found in the ovary?"
"15,What do truefalse b spermatozoa get nutrition from?
","15, What do truefalse b spermatozoa get nutrition from?"
"15,What is a graafian follicle?
",What is a graafian follicle?
"15,What is the name of the graafian?
",15 What is the name of the graafian?
"15,What hormones regulate menstrual cycle?
","15,What hormones regulate menstrual cycle?"
"15,How many eggs are released by a human ova?
","15,How many eggs are released by a human ovary?"
"15,How many eggs do you think would have been released if the mother gave birth to identical twins would your answer change if the twins born were?
",Would your answer change if the twins born were identical twins?
"15,What are androgens produced by?
","15, What is androgen produced by?"
"15,What is the name of the graafian follicle?
",15 What is the name of the graafian follicle?
"15,What cells produce and?
","15,What cells produce and?"
"15,Where are truefalse c leydig cells found?
","15,Where are falsefalse c leydig cells found?"
"15,Name the hormones involved in regulation of spermatogenesis?
","15, Name the hormones involved in regulation of spermatogenesis?"
"15,What are the two major functions of testis and ovary?
","15,What are the two major functions of testis and ovary?"
"15,What hormone induces ovulation?
","15, What hormone is known to induce ovulation?"
"15,What is the structure which provides vascular connection between foetus and uterus called?
",15 What is the structure which provides a vascular connection between the womb and the
"15,What type of cells produce androgens?
","15,What type of cells produce androgens?"
"15,How many eggs are released by a human ovary in a month?
","15,How many eggs are released by a human ovary in a month?"
"15,What is the structure of a seminiferous tubule?
",15 What is the structure of a seminiferous tubule?
"15,What type of cells are found in ovary?
","15,What type of cells are found in the ovary?"
"15,What is not a reliable indicator of virginity or sexual experience truefalse g presence or absence of hymen is not a reliable indicator of virginity or sexual experience truefalse?
","15,What is not a reliable indicator of virginity or sexual experience truefalse "
"15,What is spermatogenesis?
","15, What is spermatogenesis?"
"15,What is spermatogenesis briefly describe the process of spermatogenesis?
","What is spermatogenesis? Basically, spermatogenesis is the process"
"15,Where does oogenesis take place?
","15, Where does oogenesis occur?"
"15,What is not a reliable indicator of virginity or sexual experience?
","15,What is not a reliable indicator of virginity or sexual experience?"
"15,What is spermiation?
","15, What is spermiation?"
"15,What happens during pregnancy?
",What happens during pregnancy?
"15,What cells are found in ovary?
","15,What cells are found in the ovary?"
"15,How many eggs are released by a human ovary in?
","15,How many eggs are released by a human ovary in?"
"15,What cells produce androgens?
","15,What cells produce androgens?"
"15,Where do truefalse e oogenesis take place?
","15,Where does true false e oogenesis take place?"
"15,What is parturition?
",15 What is parturition?
"15,What is spermatogenesis briefly describe the process?
",What is spermatogenesis in brief?
"15,What are the major components of seminal plasma?
","15,What is the major component of seminal plasma?"
"15,What is spermiogenesis?
","15, What is spermiogenesis?"
"15,What is oogenesis?
","15, What is oogenesis?"
"15,Name the functions of the following a corpus luteum b endo?
","15,What is the function of the following a corpus luteum b endo"
"15,What hormones are involved in induction of parturition?
","15,What hormones are involved in the formation of parturition?"
"15,What is the process of release of ovum from a mature follicle called?
",15 What is the process of release of ovum from a mature folli
"15,Where do truefalse d leydig cells synthesise androgens?
","15,Where do truefalse d leydig cells synthesize androgen"
"15,What is not a reliable indicator of virginity or sexual experience truefalse g presence or absence of hymen is not a reliable indicator of virginity or sexual experience truefalse g presence or absence of?
","15,What is not a reliable indicator of virginity or sexual experience truefalse "
"15,What is oogenesis give a brief account of oogenesis?
","15,What is oogenesis give a brief account of oogenesis?"
